/*
Navicat MySQL Data Transfer

Source Server         : mysql8.0--3307
Source Server Version : 80019
Source Host           : localhost:3307
Source Database       : sell0

Target Server Type    : MYSQL
Target Server Version : 80019
File Encoding         : 65001

Date: 2020-09-20 22:53:23
*/

SET FOREIGN_KEY_CHECKS=0;

-- ----------------------------
-- Table structure for `order_detail`
-- ----------------------------
DROP TABLE IF EXISTS `order_detail`;
CREATE TABLE `order_detail` (
  `detail_id` varchar(32) CHARACTER SET utf8 COLLATE utf8_general_ci NOT NULL,
  `order_id` varchar(32) CHARACTER SET utf8 COLLATE utf8_general_ci NOT NULL,
  `product_id` varchar(32) CHARACTER SET utf8 COLLATE utf8_general_ci NOT NULL,
  `product_name` varchar(64) CHARACTER SET utf8 COLLATE utf8_general_ci NOT NULL COMMENT '商品名称',
  `product_price` decimal(8,2) NOT NULL COMMENT '商品价格',
  `product_quantity` int NOT NULL COMMENT '商品数量',
  `product_icon` varchar(512) CHARACTER SET utf8 COLLATE utf8_general_ci DEFAULT NULL COMMENT '商品小图',
  `create_time` datetime DEFAULT NULL COMMENT '创建时间',
  `update_time` timestamp NOT NULL DEFAULT CURRENT_TIMESTAMP ON UPDATE CURRENT_TIMESTAMP COMMENT '修改时间',
  PRIMARY KEY (`detail_id`),
  KEY `idx_order_id` (`order_id`) USING BTREE
) ENGINE=InnoDB DEFAULT CHARSET=utf8 COMMENT='订单详情表';

-- ----------------------------
-- Records of order_detail
-- ----------------------------
INSERT INTO `order_detail` VALUES ('1', '1', '1111111112', '皮皮粥', '3.60', '2', 'http://xxx.cn', null, '2020-02-18 10:08:45');
INSERT INTO `order_detail` VALUES ('1582276802591728433', '1582276802474283683', '3', '芒果冰', '3.20', '8', 'F:/cx/wall/4c06b23610688678b40d3b0c44405440_ChMkJ13FB-OIRwVTAAaoGiez1aUAAvG_wFJkXEABqgy881.jpg', null, '2020-02-21 17:20:02');
INSERT INTO `order_detail` VALUES ('1582277180260591704', '1582277180147312989', '3', '芒果冰', '3.20', '8', 'F:/cx/wall/4c06b23610688678b40d3b0c44405440_ChMkJ13FB-OIRwVTAAaoGiez1aUAAvG_wFJkXEABqgy881.jpg', null, '2020-02-21 17:26:20');
INSERT INTO `order_detail` VALUES ('1582277180293685143', '1582277180147312989', '2', '皮皮虾', '3.20', '6', 'F:/cx/wall/4c06b23610688678b40d3b0c44405440_ChMkJ13FB-OIRwVTAAaoGiez1aUAAvG_wFJkXEABqgy881.jpg', null, '2020-02-21 17:26:20');
INSERT INTO `order_detail` VALUES ('1582601224650588244', '1582601224568786577', '3', '芒果冰', '3.20', '8', 'F:/cx/wall/4c06b23610688678b40d3b0c44405440_ChMkJ13FB-OIRwVTAAaoGiez1aUAAvG_wFJkXEABqgy881.jpg', null, '2020-02-25 11:27:04');
INSERT INTO `order_detail` VALUES ('1582601224675930672', '1582601224568786577', '2', '皮皮虾', '3.20', '6', 'F:/cx/wall/4c06b23610688678b40d3b0c44405440_ChMkJ13FB-OIRwVTAAaoGiez1aUAAvG_wFJkXEABqgy881.jpg', null, '2020-02-25 11:27:04');
INSERT INTO `order_detail` VALUES ('1582681626960512956', '1582681626555708667', '3', '芒果冰', '3.20', '2', 'F:/cx/wall/4c06b23610688678b40d3b0c44405440_ChMkJ13FB-OIRwVTAAaoGiez1aUAAvG_wFJkXEABqgy881.jpg', null, '2020-02-26 09:47:07');
INSERT INTO `order_detail` VALUES ('1582681692970578749', '1582681692968645612', '3', '芒果冰', '3.20', '2', 'F:/cx/wall/4c06b23610688678b40d3b0c44405440_ChMkJ13FB-OIRwVTAAaoGiez1aUAAvG_wFJkXEABqgy881.jpg', null, '2020-02-26 09:48:12');
INSERT INTO `order_detail` VALUES ('1583741340113435254', '1583741339792717537', '3', '芒果冰', '3.20', '8', 'F:/cx/wall/4c06b23610688678b40d3b0c44405440_ChMkJ13FB-OIRwVTAAaoGiez1aUAAvG_wFJkXEABqgy881.jpg', null, '2020-03-09 16:09:00');
INSERT INTO `order_detail` VALUES ('1583741340153872021', '1583741339792717537', '2', '皮皮虾', '3.20', '6', 'F:/cx/wall/4c06b23610688678b40d3b0c44405440_ChMkJ13FB-OIRwVTAAaoGiez1aUAAvG_wFJkXEABqgy881.jpg', null, '2020-03-09 16:09:00');
INSERT INTO `order_detail` VALUES ('1583741424318200607', '1583741424228180305', '3', '芒果冰', '3.20', '8', 'F:/cx/wall/4c06b23610688678b40d3b0c44405440_ChMkJ13FB-OIRwVTAAaoGiez1aUAAvG_wFJkXEABqgy881.jpg', null, '2020-03-09 16:10:24');
INSERT INTO `order_detail` VALUES ('1583741424344271017', '1583741424228180305', '2', '皮皮虾', '3.20', '6', 'F:/cx/wall/4c06b23610688678b40d3b0c44405440_ChMkJ13FB-OIRwVTAAaoGiez1aUAAvG_wFJkXEABqgy881.jpg', null, '2020-03-09 16:10:24');
INSERT INTO `order_detail` VALUES ('1583741448922270564', '1583741448838791182', '3', '芒果冰', '3.20', '8', 'F:/cx/wall/4c06b23610688678b40d3b0c44405440_ChMkJ13FB-OIRwVTAAaoGiez1aUAAvG_wFJkXEABqgy881.jpg', null, '2020-03-09 16:10:48');
INSERT INTO `order_detail` VALUES ('1583741448949714609', '1583741448838791182', '2', '皮皮虾', '3.20', '6', 'F:/cx/wall/4c06b23610688678b40d3b0c44405440_ChMkJ13FB-OIRwVTAAaoGiez1aUAAvG_wFJkXEABqgy881.jpg', null, '2020-03-09 16:10:48');
INSERT INTO `order_detail` VALUES ('1583741470632378889', '1583741470532738848', '3', '芒果冰', '3.20', '8', 'F:/cx/wall/4c06b23610688678b40d3b0c44405440_ChMkJ13FB-OIRwVTAAaoGiez1aUAAvG_wFJkXEABqgy881.jpg', null, '2020-03-09 16:11:10');
INSERT INTO `order_detail` VALUES ('1583741470664589579', '1583741470532738848', '2', '皮皮虾', '3.20', '6', 'F:/cx/wall/4c06b23610688678b40d3b0c44405440_ChMkJ13FB-OIRwVTAAaoGiez1aUAAvG_wFJkXEABqgy881.jpg', null, '2020-03-09 16:11:10');
INSERT INTO `order_detail` VALUES ('1583741492564319453', '1583741492482375248', '3', '芒果冰', '3.20', '8', 'F:/cx/wall/4c06b23610688678b40d3b0c44405440_ChMkJ13FB-OIRwVTAAaoGiez1aUAAvG_wFJkXEABqgy881.jpg', null, '2020-03-09 16:11:32');
INSERT INTO `order_detail` VALUES ('1583741492591206664', '1583741492482375248', '2', '皮皮虾', '3.20', '6', 'F:/cx/wall/4c06b23610688678b40d3b0c44405440_ChMkJ13FB-OIRwVTAAaoGiez1aUAAvG_wFJkXEABqgy881.jpg', null, '2020-03-09 16:11:32');
INSERT INTO `order_detail` VALUES ('1583741525709621496', '1583741525579326453', '3', '芒果冰', '3.20', '8', 'F:/cx/wall/4c06b23610688678b40d3b0c44405440_ChMkJ13FB-OIRwVTAAaoGiez1aUAAvG_wFJkXEABqgy881.jpg', null, '2020-03-09 16:12:05');
INSERT INTO `order_detail` VALUES ('1583741525749575146', '1583741525579326453', '2', '皮皮虾', '3.20', '6', 'F:/cx/wall/4c06b23610688678b40d3b0c44405440_ChMkJ13FB-OIRwVTAAaoGiez1aUAAvG_wFJkXEABqgy881.jpg', null, '2020-03-09 16:12:05');
INSERT INTO `order_detail` VALUES ('1583741562966833618', '1583741562842692594', '3', '芒果冰', '3.20', '8', 'F:/cx/wall/4c06b23610688678b40d3b0c44405440_ChMkJ13FB-OIRwVTAAaoGiez1aUAAvG_wFJkXEABqgy881.jpg', null, '2020-03-09 16:12:43');
INSERT INTO `order_detail` VALUES ('1583741563035421544', '1583741562842692594', '2', '皮皮虾', '3.20', '6', 'F:/cx/wall/4c06b23610688678b40d3b0c44405440_ChMkJ13FB-OIRwVTAAaoGiez1aUAAvG_wFJkXEABqgy881.jpg', null, '2020-03-09 16:12:43');
INSERT INTO `order_detail` VALUES ('1583741699702202922', '1583741699564318607', '3', '芒果冰', '3.20', '8', 'F:/cx/wall/4c06b23610688678b40d3b0c44405440_ChMkJ13FB-OIRwVTAAaoGiez1aUAAvG_wFJkXEABqgy881.jpg', null, '2020-03-09 16:14:59');
INSERT INTO `order_detail` VALUES ('1583741699737621520', '1583741699564318607', '2', '皮皮虾', '3.20', '6', 'F:/cx/wall/4c06b23610688678b40d3b0c44405440_ChMkJ13FB-OIRwVTAAaoGiez1aUAAvG_wFJkXEABqgy881.jpg', null, '2020-03-09 16:14:59');
INSERT INTO `order_detail` VALUES ('1583741866555395814', '1583741866440876594', '3', '芒果冰', '3.20', '8', 'F:/cx/wall/4c06b23610688678b40d3b0c44405440_ChMkJ13FB-OIRwVTAAaoGiez1aUAAvG_wFJkXEABqgy881.jpg', null, '2020-03-09 16:17:46');
INSERT INTO `order_detail` VALUES ('1583741866585501254', '1583741866440876594', '2', '皮皮虾', '3.20', '6', 'F:/cx/wall/4c06b23610688678b40d3b0c44405440_ChMkJ13FB-OIRwVTAAaoGiez1aUAAvG_wFJkXEABqgy881.jpg', null, '2020-03-09 16:17:46');
INSERT INTO `order_detail` VALUES ('1583741866662522089', '1583741866652298811', '3', '芒果冰', '3.20', '8', 'F:/cx/wall/4c06b23610688678b40d3b0c44405440_ChMkJ13FB-OIRwVTAAaoGiez1aUAAvG_wFJkXEABqgy881.jpg', null, '2020-03-09 16:17:46');
INSERT INTO `order_detail` VALUES ('1583741866671720387', '1583741866652298811', '2', '皮皮虾', '3.20', '6', 'F:/cx/wall/4c06b23610688678b40d3b0c44405440_ChMkJ13FB-OIRwVTAAaoGiez1aUAAvG_wFJkXEABqgy881.jpg', null, '2020-03-09 16:17:46');
INSERT INTO `order_detail` VALUES ('1583741866689970517', '1583741866687207540', '3', '芒果冰', '3.20', '8', 'F:/cx/wall/4c06b23610688678b40d3b0c44405440_ChMkJ13FB-OIRwVTAAaoGiez1aUAAvG_wFJkXEABqgy881.jpg', null, '2020-03-09 16:17:46');
INSERT INTO `order_detail` VALUES ('1583741866693465257', '1583741866687207540', '2', '皮皮虾', '3.20', '6', 'F:/cx/wall/4c06b23610688678b40d3b0c44405440_ChMkJ13FB-OIRwVTAAaoGiez1aUAAvG_wFJkXEABqgy881.jpg', null, '2020-03-09 16:17:46');
INSERT INTO `order_detail` VALUES ('1583741978027305963', '1583741977945642578', '3', '芒果冰', '3.20', '8', 'F:/cx/wall/4c06b23610688678b40d3b0c44405440_ChMkJ13FB-OIRwVTAAaoGiez1aUAAvG_wFJkXEABqgy881.jpg', null, '2020-03-09 16:19:38');
INSERT INTO `order_detail` VALUES ('1583741978053195847', '1583741977945642578', '2', '皮皮虾', '3.20', '6', 'F:/cx/wall/4c06b23610688678b40d3b0c44405440_ChMkJ13FB-OIRwVTAAaoGiez1aUAAvG_wFJkXEABqgy881.jpg', null, '2020-03-09 16:19:38');
INSERT INTO `order_detail` VALUES ('1583741978164450256', '1583741978163518379', '3', '芒果冰', '3.20', '8', 'F:/cx/wall/4c06b23610688678b40d3b0c44405440_ChMkJ13FB-OIRwVTAAaoGiez1aUAAvG_wFJkXEABqgy881.jpg', null, '2020-03-09 16:19:38');
INSERT INTO `order_detail` VALUES ('1583741978169909908', '1583741978163518379', '2', '皮皮虾', '3.20', '6', 'F:/cx/wall/4c06b23610688678b40d3b0c44405440_ChMkJ13FB-OIRwVTAAaoGiez1aUAAvG_wFJkXEABqgy881.jpg', null, '2020-03-09 16:19:38');
INSERT INTO `order_detail` VALUES ('1583741978186126146', '1583741978185104686', '3', '芒果冰', '3.20', '8', 'F:/cx/wall/4c06b23610688678b40d3b0c44405440_ChMkJ13FB-OIRwVTAAaoGiez1aUAAvG_wFJkXEABqgy881.jpg', null, '2020-03-09 16:19:38');
INSERT INTO `order_detail` VALUES ('1583741978190111773', '1583741978185104686', '2', '皮皮虾', '3.20', '6', 'F:/cx/wall/4c06b23610688678b40d3b0c44405440_ChMkJ13FB-OIRwVTAAaoGiez1aUAAvG_wFJkXEABqgy881.jpg', null, '2020-03-09 16:19:38');
INSERT INTO `order_detail` VALUES ('1583741978214218032', '1583741978213966081', '3', '芒果冰', '3.20', '8', 'F:/cx/wall/4c06b23610688678b40d3b0c44405440_ChMkJ13FB-OIRwVTAAaoGiez1aUAAvG_wFJkXEABqgy881.jpg', null, '2020-03-09 16:19:38');
INSERT INTO `order_detail` VALUES ('1583741978218839540', '1583741978213966081', '2', '皮皮虾', '3.20', '6', 'F:/cx/wall/4c06b23610688678b40d3b0c44405440_ChMkJ13FB-OIRwVTAAaoGiez1aUAAvG_wFJkXEABqgy881.jpg', null, '2020-03-09 16:19:38');
INSERT INTO `order_detail` VALUES ('1583741978238187706', '1583741978236390752', '3', '芒果冰', '3.20', '8', 'F:/cx/wall/4c06b23610688678b40d3b0c44405440_ChMkJ13FB-OIRwVTAAaoGiez1aUAAvG_wFJkXEABqgy881.jpg', null, '2020-03-09 16:19:38');
INSERT INTO `order_detail` VALUES ('1583741978242929421', '1583741978236390752', '2', '皮皮虾', '3.20', '6', 'F:/cx/wall/4c06b23610688678b40d3b0c44405440_ChMkJ13FB-OIRwVTAAaoGiez1aUAAvG_wFJkXEABqgy881.jpg', null, '2020-03-09 16:19:38');
INSERT INTO `order_detail` VALUES ('1583741978271312153', '1583741978267331377', '3', '芒果冰', '3.20', '8', 'F:/cx/wall/4c06b23610688678b40d3b0c44405440_ChMkJ13FB-OIRwVTAAaoGiez1aUAAvG_wFJkXEABqgy881.jpg', null, '2020-03-09 16:19:38');
INSERT INTO `order_detail` VALUES ('1583741978275923299', '1583741978267331377', '2', '皮皮虾', '3.20', '6', 'F:/cx/wall/4c06b23610688678b40d3b0c44405440_ChMkJ13FB-OIRwVTAAaoGiez1aUAAvG_wFJkXEABqgy881.jpg', null, '2020-03-09 16:19:38');
INSERT INTO `order_detail` VALUES ('1583741978300466074', '1583741978295496303', '3', '芒果冰', '3.20', '8', 'F:/cx/wall/4c06b23610688678b40d3b0c44405440_ChMkJ13FB-OIRwVTAAaoGiez1aUAAvG_wFJkXEABqgy881.jpg', null, '2020-03-09 16:19:38');
INSERT INTO `order_detail` VALUES ('1583741978304444368', '1583741978295496303', '2', '皮皮虾', '3.20', '6', 'F:/cx/wall/4c06b23610688678b40d3b0c44405440_ChMkJ13FB-OIRwVTAAaoGiez1aUAAvG_wFJkXEABqgy881.jpg', null, '2020-03-09 16:19:38');
INSERT INTO `order_detail` VALUES ('1583741978322480171', '1583741978320635737', '3', '芒果冰', '3.20', '8', 'F:/cx/wall/4c06b23610688678b40d3b0c44405440_ChMkJ13FB-OIRwVTAAaoGiez1aUAAvG_wFJkXEABqgy881.jpg', null, '2020-03-09 16:19:38');
INSERT INTO `order_detail` VALUES ('1583741978327929340', '1583741978320635737', '2', '皮皮虾', '3.20', '6', 'F:/cx/wall/4c06b23610688678b40d3b0c44405440_ChMkJ13FB-OIRwVTAAaoGiez1aUAAvG_wFJkXEABqgy881.jpg', null, '2020-03-09 16:19:38');
INSERT INTO `order_detail` VALUES ('1583741978344955593', '1583741978342722144', '3', '芒果冰', '3.20', '8', 'F:/cx/wall/4c06b23610688678b40d3b0c44405440_ChMkJ13FB-OIRwVTAAaoGiez1aUAAvG_wFJkXEABqgy881.jpg', null, '2020-03-09 16:19:38');
INSERT INTO `order_detail` VALUES ('1583741978347575877', '1583741978342722144', '2', '皮皮虾', '3.20', '6', 'F:/cx/wall/4c06b23610688678b40d3b0c44405440_ChMkJ13FB-OIRwVTAAaoGiez1aUAAvG_wFJkXEABqgy881.jpg', null, '2020-03-09 16:19:38');
INSERT INTO `order_detail` VALUES ('1583741978374586928', '1583741978372963955', '3', '芒果冰', '3.20', '8', 'F:/cx/wall/4c06b23610688678b40d3b0c44405440_ChMkJ13FB-OIRwVTAAaoGiez1aUAAvG_wFJkXEABqgy881.jpg', null, '2020-03-09 16:19:38');
INSERT INTO `order_detail` VALUES ('1583741978377696116', '1583741978372963955', '2', '皮皮虾', '3.20', '6', 'F:/cx/wall/4c06b23610688678b40d3b0c44405440_ChMkJ13FB-OIRwVTAAaoGiez1aUAAvG_wFJkXEABqgy881.jpg', null, '2020-03-09 16:19:38');
INSERT INTO `order_detail` VALUES ('1583741978390254187', '1583741978390603210', '3', '芒果冰', '3.20', '8', 'F:/cx/wall/4c06b23610688678b40d3b0c44405440_ChMkJ13FB-OIRwVTAAaoGiez1aUAAvG_wFJkXEABqgy881.jpg', null, '2020-03-09 16:19:38');
INSERT INTO `order_detail` VALUES ('1583741978392158491', '1583741978390603210', '2', '皮皮虾', '3.20', '6', 'F:/cx/wall/4c06b23610688678b40d3b0c44405440_ChMkJ13FB-OIRwVTAAaoGiez1aUAAvG_wFJkXEABqgy881.jpg', null, '2020-03-09 16:19:38');
INSERT INTO `order_detail` VALUES ('1583741978412412805', '1583741978410329551', '3', '芒果冰', '3.20', '8', 'F:/cx/wall/4c06b23610688678b40d3b0c44405440_ChMkJ13FB-OIRwVTAAaoGiez1aUAAvG_wFJkXEABqgy881.jpg', null, '2020-03-09 16:19:38');
INSERT INTO `order_detail` VALUES ('1583741978418825972', '1583741978410329551', '2', '皮皮虾', '3.20', '6', 'F:/cx/wall/4c06b23610688678b40d3b0c44405440_ChMkJ13FB-OIRwVTAAaoGiez1aUAAvG_wFJkXEABqgy881.jpg', null, '2020-03-09 16:19:38');
INSERT INTO `order_detail` VALUES ('1583741978438198463', '1583741978437266066', '3', '芒果冰', '3.20', '8', 'F:/cx/wall/4c06b23610688678b40d3b0c44405440_ChMkJ13FB-OIRwVTAAaoGiez1aUAAvG_wFJkXEABqgy881.jpg', null, '2020-03-09 16:19:38');
INSERT INTO `order_detail` VALUES ('1583741978441364094', '1583741978437266066', '2', '皮皮虾', '3.20', '6', 'F:/cx/wall/4c06b23610688678b40d3b0c44405440_ChMkJ13FB-OIRwVTAAaoGiez1aUAAvG_wFJkXEABqgy881.jpg', null, '2020-03-09 16:19:38');
INSERT INTO `order_detail` VALUES ('1583741978456818854', '1583741978455564234', '3', '芒果冰', '3.20', '8', 'F:/cx/wall/4c06b23610688678b40d3b0c44405440_ChMkJ13FB-OIRwVTAAaoGiez1aUAAvG_wFJkXEABqgy881.jpg', null, '2020-03-09 16:19:38');
INSERT INTO `order_detail` VALUES ('1583741978458269132', '1583741978455564234', '2', '皮皮虾', '3.20', '6', 'F:/cx/wall/4c06b23610688678b40d3b0c44405440_ChMkJ13FB-OIRwVTAAaoGiez1aUAAvG_wFJkXEABqgy881.jpg', null, '2020-03-09 16:19:38');
INSERT INTO `order_detail` VALUES ('1583741978472721870', '1583741978472292893', '2', '皮皮虾', '3.20', '6', 'F:/cx/wall/4c06b23610688678b40d3b0c44405440_ChMkJ13FB-OIRwVTAAaoGiez1aUAAvG_wFJkXEABqgy881.jpg', null, '2020-03-09 16:19:38');
INSERT INTO `order_detail` VALUES ('1583741978472915350', '1583741978472292893', '3', '芒果冰', '3.20', '8', 'F:/cx/wall/4c06b23610688678b40d3b0c44405440_ChMkJ13FB-OIRwVTAAaoGiez1aUAAvG_wFJkXEABqgy881.jpg', null, '2020-03-09 16:19:38');
INSERT INTO `order_detail` VALUES ('1583741978493587067', '1583741978493505821', '3', '芒果冰', '3.20', '8', 'F:/cx/wall/4c06b23610688678b40d3b0c44405440_ChMkJ13FB-OIRwVTAAaoGiez1aUAAvG_wFJkXEABqgy881.jpg', null, '2020-03-09 16:19:38');
INSERT INTO `order_detail` VALUES ('1583741978508851665', '1583741978493505821', '2', '皮皮虾', '3.20', '6', 'F:/cx/wall/4c06b23610688678b40d3b0c44405440_ChMkJ13FB-OIRwVTAAaoGiez1aUAAvG_wFJkXEABqgy881.jpg', null, '2020-03-09 16:19:38');
INSERT INTO `order_detail` VALUES ('1583741978539446886', '1583741978536377434', '3', '芒果冰', '3.20', '8', 'F:/cx/wall/4c06b23610688678b40d3b0c44405440_ChMkJ13FB-OIRwVTAAaoGiez1aUAAvG_wFJkXEABqgy881.jpg', null, '2020-03-09 16:19:38');
INSERT INTO `order_detail` VALUES ('1583741978542425006', '1583741978536377434', '2', '皮皮虾', '3.20', '6', 'F:/cx/wall/4c06b23610688678b40d3b0c44405440_ChMkJ13FB-OIRwVTAAaoGiez1aUAAvG_wFJkXEABqgy881.jpg', null, '2020-03-09 16:19:38');
INSERT INTO `order_detail` VALUES ('1583741978555393692', '1583741978554680145', '3', '芒果冰', '3.20', '8', 'F:/cx/wall/4c06b23610688678b40d3b0c44405440_ChMkJ13FB-OIRwVTAAaoGiez1aUAAvG_wFJkXEABqgy881.jpg', null, '2020-03-09 16:19:38');
INSERT INTO `order_detail` VALUES ('1583741978558262683', '1583741978554680145', '2', '皮皮虾', '3.20', '6', 'F:/cx/wall/4c06b23610688678b40d3b0c44405440_ChMkJ13FB-OIRwVTAAaoGiez1aUAAvG_wFJkXEABqgy881.jpg', null, '2020-03-09 16:19:38');
INSERT INTO `order_detail` VALUES ('1583741978572605198', '1583741978571705766', '2', '皮皮虾', '3.20', '6', 'F:/cx/wall/4c06b23610688678b40d3b0c44405440_ChMkJ13FB-OIRwVTAAaoGiez1aUAAvG_wFJkXEABqgy881.jpg', null, '2020-03-09 16:19:38');
INSERT INTO `order_detail` VALUES ('1583741978572836613', '1583741978571705766', '3', '芒果冰', '3.20', '8', 'F:/cx/wall/4c06b23610688678b40d3b0c44405440_ChMkJ13FB-OIRwVTAAaoGiez1aUAAvG_wFJkXEABqgy881.jpg', null, '2020-03-09 16:19:38');
INSERT INTO `order_detail` VALUES ('1583741978586392285', '1583741978586410251', '3', '芒果冰', '3.20', '8', 'F:/cx/wall/4c06b23610688678b40d3b0c44405440_ChMkJ13FB-OIRwVTAAaoGiez1aUAAvG_wFJkXEABqgy881.jpg', null, '2020-03-09 16:19:38');
INSERT INTO `order_detail` VALUES ('1583741978589267028', '1583741978586410251', '2', '皮皮虾', '3.20', '6', 'F:/cx/wall/4c06b23610688678b40d3b0c44405440_ChMkJ13FB-OIRwVTAAaoGiez1aUAAvG_wFJkXEABqgy881.jpg', null, '2020-03-09 16:19:38');
INSERT INTO `order_detail` VALUES ('1583741978599410714', '1583741978597430027', '3', '芒果冰', '3.20', '8', 'F:/cx/wall/4c06b23610688678b40d3b0c44405440_ChMkJ13FB-OIRwVTAAaoGiez1aUAAvG_wFJkXEABqgy881.jpg', null, '2020-03-09 16:19:38');
INSERT INTO `order_detail` VALUES ('1583741978601978553', '1583741978597430027', '2', '皮皮虾', '3.20', '6', 'F:/cx/wall/4c06b23610688678b40d3b0c44405440_ChMkJ13FB-OIRwVTAAaoGiez1aUAAvG_wFJkXEABqgy881.jpg', null, '2020-03-09 16:19:38');
INSERT INTO `order_detail` VALUES ('1583741978615183110', '1583741978614637124', '3', '芒果冰', '3.20', '8', 'F:/cx/wall/4c06b23610688678b40d3b0c44405440_ChMkJ13FB-OIRwVTAAaoGiez1aUAAvG_wFJkXEABqgy881.jpg', null, '2020-03-09 16:19:38');
INSERT INTO `order_detail` VALUES ('1583741978621688665', '1583741978614637124', '2', '皮皮虾', '3.20', '6', 'F:/cx/wall/4c06b23610688678b40d3b0c44405440_ChMkJ13FB-OIRwVTAAaoGiez1aUAAvG_wFJkXEABqgy881.jpg', null, '2020-03-09 16:19:38');
INSERT INTO `order_detail` VALUES ('1583741978636268774', '1583741978635200326', '3', '芒果冰', '3.20', '8', 'F:/cx/wall/4c06b23610688678b40d3b0c44405440_ChMkJ13FB-OIRwVTAAaoGiez1aUAAvG_wFJkXEABqgy881.jpg', null, '2020-03-09 16:19:38');
INSERT INTO `order_detail` VALUES ('1583741978638133640', '1583741978635200326', '2', '皮皮虾', '3.20', '6', 'F:/cx/wall/4c06b23610688678b40d3b0c44405440_ChMkJ13FB-OIRwVTAAaoGiez1aUAAvG_wFJkXEABqgy881.jpg', null, '2020-03-09 16:19:38');
INSERT INTO `order_detail` VALUES ('1583741978648522628', '1583741978647106611', '3', '芒果冰', '3.20', '8', 'F:/cx/wall/4c06b23610688678b40d3b0c44405440_ChMkJ13FB-OIRwVTAAaoGiez1aUAAvG_wFJkXEABqgy881.jpg', null, '2020-03-09 16:19:38');
INSERT INTO `order_detail` VALUES ('1583741978653525254', '1583741978647106611', '2', '皮皮虾', '3.20', '6', 'F:/cx/wall/4c06b23610688678b40d3b0c44405440_ChMkJ13FB-OIRwVTAAaoGiez1aUAAvG_wFJkXEABqgy881.jpg', null, '2020-03-09 16:19:38');
INSERT INTO `order_detail` VALUES ('1583741978666377574', '1583741978664850187', '3', '芒果冰', '3.20', '8', 'F:/cx/wall/4c06b23610688678b40d3b0c44405440_ChMkJ13FB-OIRwVTAAaoGiez1aUAAvG_wFJkXEABqgy881.jpg', null, '2020-03-09 16:19:38');
INSERT INTO `order_detail` VALUES ('1583741978669838955', '1583741978664850187', '2', '皮皮虾', '3.20', '6', 'F:/cx/wall/4c06b23610688678b40d3b0c44405440_ChMkJ13FB-OIRwVTAAaoGiez1aUAAvG_wFJkXEABqgy881.jpg', null, '2020-03-09 16:19:38');
INSERT INTO `order_detail` VALUES ('1583742033936561445', '1583742033794188855', '3', '芒果冰', '3.20', '8', 'F:/cx/wall/4c06b23610688678b40d3b0c44405440_ChMkJ13FB-OIRwVTAAaoGiez1aUAAvG_wFJkXEABqgy881.jpg', null, '2020-03-09 16:20:34');
INSERT INTO `order_detail` VALUES ('1583742033969633737', '1583742033794188855', '2', '皮皮虾', '3.20', '6', 'F:/cx/wall/4c06b23610688678b40d3b0c44405440_ChMkJ13FB-OIRwVTAAaoGiez1aUAAvG_wFJkXEABqgy881.jpg', null, '2020-03-09 16:20:34');
INSERT INTO `order_detail` VALUES ('1583742034064164009', '1583742034062742526', '3', '芒果冰', '3.20', '8', 'F:/cx/wall/4c06b23610688678b40d3b0c44405440_ChMkJ13FB-OIRwVTAAaoGiez1aUAAvG_wFJkXEABqgy881.jpg', null, '2020-03-09 16:20:34');
INSERT INTO `order_detail` VALUES ('1583742034068648936', '1583742034062742526', '2', '皮皮虾', '3.20', '6', 'F:/cx/wall/4c06b23610688678b40d3b0c44405440_ChMkJ13FB-OIRwVTAAaoGiez1aUAAvG_wFJkXEABqgy881.jpg', null, '2020-03-09 16:20:34');
INSERT INTO `order_detail` VALUES ('1583742034094643762', '1583742034091339837', '3', '芒果冰', '3.20', '8', 'F:/cx/wall/4c06b23610688678b40d3b0c44405440_ChMkJ13FB-OIRwVTAAaoGiez1aUAAvG_wFJkXEABqgy881.jpg', null, '2020-03-09 16:20:34');
INSERT INTO `order_detail` VALUES ('1583742034099538444', '1583742034091339837', '2', '皮皮虾', '3.20', '6', 'F:/cx/wall/4c06b23610688678b40d3b0c44405440_ChMkJ13FB-OIRwVTAAaoGiez1aUAAvG_wFJkXEABqgy881.jpg', null, '2020-03-09 16:20:34');
INSERT INTO `order_detail` VALUES ('1583742034187764037', '1583742034186791296', '3', '芒果冰', '3.20', '8', 'F:/cx/wall/4c06b23610688678b40d3b0c44405440_ChMkJ13FB-OIRwVTAAaoGiez1aUAAvG_wFJkXEABqgy881.jpg', null, '2020-03-09 16:20:34');
INSERT INTO `order_detail` VALUES ('1583742034195855004', '1583742034186791296', '2', '皮皮虾', '3.20', '6', 'F:/cx/wall/4c06b23610688678b40d3b0c44405440_ChMkJ13FB-OIRwVTAAaoGiez1aUAAvG_wFJkXEABqgy881.jpg', null, '2020-03-09 16:20:34');
INSERT INTO `order_detail` VALUES ('1583742034220672362', '1583742034216544254', '3', '芒果冰', '3.20', '8', 'F:/cx/wall/4c06b23610688678b40d3b0c44405440_ChMkJ13FB-OIRwVTAAaoGiez1aUAAvG_wFJkXEABqgy881.jpg', null, '2020-03-09 16:20:34');
INSERT INTO `order_detail` VALUES ('1583742034229343851', '1583742034216544254', '2', '皮皮虾', '3.20', '6', 'F:/cx/wall/4c06b23610688678b40d3b0c44405440_ChMkJ13FB-OIRwVTAAaoGiez1aUAAvG_wFJkXEABqgy881.jpg', null, '2020-03-09 16:20:34');
INSERT INTO `order_detail` VALUES ('1583742034256854287', '1583742034250959704', '3', '芒果冰', '3.20', '8', 'F:/cx/wall/4c06b23610688678b40d3b0c44405440_ChMkJ13FB-OIRwVTAAaoGiez1aUAAvG_wFJkXEABqgy881.jpg', null, '2020-03-09 16:20:34');
INSERT INTO `order_detail` VALUES ('1583742034260296467', '1583742034250959704', '2', '皮皮虾', '3.20', '6', 'F:/cx/wall/4c06b23610688678b40d3b0c44405440_ChMkJ13FB-OIRwVTAAaoGiez1aUAAvG_wFJkXEABqgy881.jpg', null, '2020-03-09 16:20:34');
INSERT INTO `order_detail` VALUES ('1583742034291471659', '1583742034289822764', '3', '芒果冰', '3.20', '8', 'F:/cx/wall/4c06b23610688678b40d3b0c44405440_ChMkJ13FB-OIRwVTAAaoGiez1aUAAvG_wFJkXEABqgy881.jpg', null, '2020-03-09 16:20:34');
INSERT INTO `order_detail` VALUES ('1583742034298679332', '1583742034289822764', '2', '皮皮虾', '3.20', '6', 'F:/cx/wall/4c06b23610688678b40d3b0c44405440_ChMkJ13FB-OIRwVTAAaoGiez1aUAAvG_wFJkXEABqgy881.jpg', null, '2020-03-09 16:20:34');
INSERT INTO `order_detail` VALUES ('1583742034317264241', '1583742034316501932', '3', '芒果冰', '3.20', '8', 'F:/cx/wall/4c06b23610688678b40d3b0c44405440_ChMkJ13FB-OIRwVTAAaoGiez1aUAAvG_wFJkXEABqgy881.jpg', null, '2020-03-09 16:20:34');
INSERT INTO `order_detail` VALUES ('1583742034327809074', '1583742034316501932', '2', '皮皮虾', '3.20', '6', 'F:/cx/wall/4c06b23610688678b40d3b0c44405440_ChMkJ13FB-OIRwVTAAaoGiez1aUAAvG_wFJkXEABqgy881.jpg', null, '2020-03-09 16:20:34');
INSERT INTO `order_detail` VALUES ('1583742034348553327', '1583742034347348230', '3', '芒果冰', '3.20', '8', 'F:/cx/wall/4c06b23610688678b40d3b0c44405440_ChMkJ13FB-OIRwVTAAaoGiez1aUAAvG_wFJkXEABqgy881.jpg', null, '2020-03-09 16:20:34');
INSERT INTO `order_detail` VALUES ('1583742034354150952', '1583742034347348230', '2', '皮皮虾', '3.20', '6', 'F:/cx/wall/4c06b23610688678b40d3b0c44405440_ChMkJ13FB-OIRwVTAAaoGiez1aUAAvG_wFJkXEABqgy881.jpg', null, '2020-03-09 16:20:34');
INSERT INTO `order_detail` VALUES ('1583742034373675773', '1583742034371555253', '3', '芒果冰', '3.20', '8', 'F:/cx/wall/4c06b23610688678b40d3b0c44405440_ChMkJ13FB-OIRwVTAAaoGiez1aUAAvG_wFJkXEABqgy881.jpg', null, '2020-03-09 16:20:34');
INSERT INTO `order_detail` VALUES ('1583742034378226534', '1583742034371555253', '2', '皮皮虾', '3.20', '6', 'F:/cx/wall/4c06b23610688678b40d3b0c44405440_ChMkJ13FB-OIRwVTAAaoGiez1aUAAvG_wFJkXEABqgy881.jpg', null, '2020-03-09 16:20:34');
INSERT INTO `order_detail` VALUES ('1583742034395126692', '1583742034393793120', '3', '芒果冰', '3.20', '8', 'F:/cx/wall/4c06b23610688678b40d3b0c44405440_ChMkJ13FB-OIRwVTAAaoGiez1aUAAvG_wFJkXEABqgy881.jpg', null, '2020-03-09 16:20:34');
INSERT INTO `order_detail` VALUES ('1583742034401942637', '1583742034393793120', '2', '皮皮虾', '3.20', '6', 'F:/cx/wall/4c06b23610688678b40d3b0c44405440_ChMkJ13FB-OIRwVTAAaoGiez1aUAAvG_wFJkXEABqgy881.jpg', null, '2020-03-09 16:20:34');
INSERT INTO `order_detail` VALUES ('1583742034424135202', '1583742034422638319', '3', '芒果冰', '3.20', '8', 'F:/cx/wall/4c06b23610688678b40d3b0c44405440_ChMkJ13FB-OIRwVTAAaoGiez1aUAAvG_wFJkXEABqgy881.jpg', null, '2020-03-09 16:20:34');
INSERT INTO `order_detail` VALUES ('1583742034427255427', '1583742034422638319', '2', '皮皮虾', '3.20', '6', 'F:/cx/wall/4c06b23610688678b40d3b0c44405440_ChMkJ13FB-OIRwVTAAaoGiez1aUAAvG_wFJkXEABqgy881.jpg', null, '2020-03-09 16:20:34');
INSERT INTO `order_detail` VALUES ('1583742034450242409', '1583742034449614149', '3', '芒果冰', '3.20', '8', 'F:/cx/wall/4c06b23610688678b40d3b0c44405440_ChMkJ13FB-OIRwVTAAaoGiez1aUAAvG_wFJkXEABqgy881.jpg', null, '2020-03-09 16:20:34');
INSERT INTO `order_detail` VALUES ('1583742034454267977', '1583742034449614149', '2', '皮皮虾', '3.20', '6', 'F:/cx/wall/4c06b23610688678b40d3b0c44405440_ChMkJ13FB-OIRwVTAAaoGiez1aUAAvG_wFJkXEABqgy881.jpg', null, '2020-03-09 16:20:34');
INSERT INTO `order_detail` VALUES ('1583742034474432586', '1583742034473490112', '3', '芒果冰', '3.20', '8', 'F:/cx/wall/4c06b23610688678b40d3b0c44405440_ChMkJ13FB-OIRwVTAAaoGiez1aUAAvG_wFJkXEABqgy881.jpg', null, '2020-03-09 16:20:34');
INSERT INTO `order_detail` VALUES ('1583742034478262249', '1583742034473490112', '2', '皮皮虾', '3.20', '6', 'F:/cx/wall/4c06b23610688678b40d3b0c44405440_ChMkJ13FB-OIRwVTAAaoGiez1aUAAvG_wFJkXEABqgy881.jpg', null, '2020-03-09 16:20:34');
INSERT INTO `order_detail` VALUES ('1583742034492576344', '1583742034490258859', '3', '芒果冰', '3.20', '8', 'F:/cx/wall/4c06b23610688678b40d3b0c44405440_ChMkJ13FB-OIRwVTAAaoGiez1aUAAvG_wFJkXEABqgy881.jpg', null, '2020-03-09 16:20:34');
INSERT INTO `order_detail` VALUES ('1583742034496104053', '1583742034490258859', '2', '皮皮虾', '3.20', '6', 'F:/cx/wall/4c06b23610688678b40d3b0c44405440_ChMkJ13FB-OIRwVTAAaoGiez1aUAAvG_wFJkXEABqgy881.jpg', null, '2020-03-09 16:20:34');
INSERT INTO `order_detail` VALUES ('1583742034511735623', '1583742034509271806', '3', '芒果冰', '3.20', '8', 'F:/cx/wall/4c06b23610688678b40d3b0c44405440_ChMkJ13FB-OIRwVTAAaoGiez1aUAAvG_wFJkXEABqgy881.jpg', null, '2020-03-09 16:20:34');
INSERT INTO `order_detail` VALUES ('1583742034517453140', '1583742034509271806', '2', '皮皮虾', '3.20', '6', 'F:/cx/wall/4c06b23610688678b40d3b0c44405440_ChMkJ13FB-OIRwVTAAaoGiez1aUAAvG_wFJkXEABqgy881.jpg', null, '2020-03-09 16:20:34');
INSERT INTO `order_detail` VALUES ('1583742034540355293', '1583742034539681415', '3', '芒果冰', '3.20', '8', 'F:/cx/wall/4c06b23610688678b40d3b0c44405440_ChMkJ13FB-OIRwVTAAaoGiez1aUAAvG_wFJkXEABqgy881.jpg', null, '2020-03-09 16:20:34');
INSERT INTO `order_detail` VALUES ('1583742034545696261', '1583742034539681415', '2', '皮皮虾', '3.20', '6', 'F:/cx/wall/4c06b23610688678b40d3b0c44405440_ChMkJ13FB-OIRwVTAAaoGiez1aUAAvG_wFJkXEABqgy881.jpg', null, '2020-03-09 16:20:34');
INSERT INTO `order_detail` VALUES ('1583742034560746175', '1583742034558255719', '3', '芒果冰', '3.20', '8', 'F:/cx/wall/4c06b23610688678b40d3b0c44405440_ChMkJ13FB-OIRwVTAAaoGiez1aUAAvG_wFJkXEABqgy881.jpg', null, '2020-03-09 16:20:34');
INSERT INTO `order_detail` VALUES ('1583742034564343592', '1583742034558255719', '2', '皮皮虾', '3.20', '6', 'F:/cx/wall/4c06b23610688678b40d3b0c44405440_ChMkJ13FB-OIRwVTAAaoGiez1aUAAvG_wFJkXEABqgy881.jpg', null, '2020-03-09 16:20:34');
INSERT INTO `order_detail` VALUES ('1583742034581934944', '1583742034579112168', '3', '芒果冰', '3.20', '8', 'F:/cx/wall/4c06b23610688678b40d3b0c44405440_ChMkJ13FB-OIRwVTAAaoGiez1aUAAvG_wFJkXEABqgy881.jpg', null, '2020-03-09 16:20:34');
INSERT INTO `order_detail` VALUES ('1583742034585707315', '1583742034579112168', '2', '皮皮虾', '3.20', '6', 'F:/cx/wall/4c06b23610688678b40d3b0c44405440_ChMkJ13FB-OIRwVTAAaoGiez1aUAAvG_wFJkXEABqgy881.jpg', null, '2020-03-09 16:20:34');
INSERT INTO `order_detail` VALUES ('1583742034599757901', '1583742034598980560', '3', '芒果冰', '3.20', '8', 'F:/cx/wall/4c06b23610688678b40d3b0c44405440_ChMkJ13FB-OIRwVTAAaoGiez1aUAAvG_wFJkXEABqgy881.jpg', null, '2020-03-09 16:20:34');
INSERT INTO `order_detail` VALUES ('1583742034602715104', '1583742034598980560', '2', '皮皮虾', '3.20', '6', 'F:/cx/wall/4c06b23610688678b40d3b0c44405440_ChMkJ13FB-OIRwVTAAaoGiez1aUAAvG_wFJkXEABqgy881.jpg', null, '2020-03-09 16:20:34');
INSERT INTO `order_detail` VALUES ('1583742034621188699', '1583742034620175284', '3', '芒果冰', '3.20', '8', 'F:/cx/wall/4c06b23610688678b40d3b0c44405440_ChMkJ13FB-OIRwVTAAaoGiez1aUAAvG_wFJkXEABqgy881.jpg', null, '2020-03-09 16:20:34');
INSERT INTO `order_detail` VALUES ('1583742034625121150', '1583742034620175284', '2', '皮皮虾', '3.20', '6', 'F:/cx/wall/4c06b23610688678b40d3b0c44405440_ChMkJ13FB-OIRwVTAAaoGiez1aUAAvG_wFJkXEABqgy881.jpg', null, '2020-03-09 16:20:34');
INSERT INTO `order_detail` VALUES ('1583742034639997826', '1583742034638506799', '3', '芒果冰', '3.20', '8', 'F:/cx/wall/4c06b23610688678b40d3b0c44405440_ChMkJ13FB-OIRwVTAAaoGiez1aUAAvG_wFJkXEABqgy881.jpg', null, '2020-03-09 16:20:34');
INSERT INTO `order_detail` VALUES ('1583742034642235104', '1583742034638506799', '2', '皮皮虾', '3.20', '6', 'F:/cx/wall/4c06b23610688678b40d3b0c44405440_ChMkJ13FB-OIRwVTAAaoGiez1aUAAvG_wFJkXEABqgy881.jpg', null, '2020-03-09 16:20:34');
INSERT INTO `order_detail` VALUES ('1583742034656293141', '1583742034655735809', '3', '芒果冰', '3.20', '8', 'F:/cx/wall/4c06b23610688678b40d3b0c44405440_ChMkJ13FB-OIRwVTAAaoGiez1aUAAvG_wFJkXEABqgy881.jpg', null, '2020-03-09 16:20:34');
INSERT INTO `order_detail` VALUES ('1583742034659873548', '1583742034655735809', '2', '皮皮虾', '3.20', '6', 'F:/cx/wall/4c06b23610688678b40d3b0c44405440_ChMkJ13FB-OIRwVTAAaoGiez1aUAAvG_wFJkXEABqgy881.jpg', null, '2020-03-09 16:20:34');
INSERT INTO `order_detail` VALUES ('1583742034672264709', '1583742034671896036', '3', '芒果冰', '3.20', '8', 'F:/cx/wall/4c06b23610688678b40d3b0c44405440_ChMkJ13FB-OIRwVTAAaoGiez1aUAAvG_wFJkXEABqgy881.jpg', null, '2020-03-09 16:20:34');
INSERT INTO `order_detail` VALUES ('1583742034680153283', '1583742034671896036', '2', '皮皮虾', '3.20', '6', 'F:/cx/wall/4c06b23610688678b40d3b0c44405440_ChMkJ13FB-OIRwVTAAaoGiez1aUAAvG_wFJkXEABqgy881.jpg', null, '2020-03-09 16:20:34');
INSERT INTO `order_detail` VALUES ('1583742034700510293', '1583742034700591635', '3', '芒果冰', '3.20', '8', 'F:/cx/wall/4c06b23610688678b40d3b0c44405440_ChMkJ13FB-OIRwVTAAaoGiez1aUAAvG_wFJkXEABqgy881.jpg', null, '2020-03-09 16:20:34');
INSERT INTO `order_detail` VALUES ('1583742034704812907', '1583742034700591635', '2', '皮皮虾', '3.20', '6', 'F:/cx/wall/4c06b23610688678b40d3b0c44405440_ChMkJ13FB-OIRwVTAAaoGiez1aUAAvG_wFJkXEABqgy881.jpg', null, '2020-03-09 16:20:34');
INSERT INTO `order_detail` VALUES ('1583742034720377042', '1583742034720482016', '3', '芒果冰', '3.20', '8', 'F:/cx/wall/4c06b23610688678b40d3b0c44405440_ChMkJ13FB-OIRwVTAAaoGiez1aUAAvG_wFJkXEABqgy881.jpg', null, '2020-03-09 16:20:34');
INSERT INTO `order_detail` VALUES ('1583742034729239461', '1583742034720482016', '2', '皮皮虾', '3.20', '6', 'F:/cx/wall/4c06b23610688678b40d3b0c44405440_ChMkJ13FB-OIRwVTAAaoGiez1aUAAvG_wFJkXEABqgy881.jpg', null, '2020-03-09 16:20:34');
INSERT INTO `order_detail` VALUES ('1583742034744770899', '1583742034743631173', '3', '芒果冰', '3.20', '8', 'F:/cx/wall/4c06b23610688678b40d3b0c44405440_ChMkJ13FB-OIRwVTAAaoGiez1aUAAvG_wFJkXEABqgy881.jpg', null, '2020-03-09 16:20:34');
INSERT INTO `order_detail` VALUES ('1583742034749889453', '1583742034743631173', '2', '皮皮虾', '3.20', '6', 'F:/cx/wall/4c06b23610688678b40d3b0c44405440_ChMkJ13FB-OIRwVTAAaoGiez1aUAAvG_wFJkXEABqgy881.jpg', null, '2020-03-09 16:20:34');
INSERT INTO `order_detail` VALUES ('1583742034766141283', '1583742034765196412', '3', '芒果冰', '3.20', '8', 'F:/cx/wall/4c06b23610688678b40d3b0c44405440_ChMkJ13FB-OIRwVTAAaoGiez1aUAAvG_wFJkXEABqgy881.jpg', null, '2020-03-09 16:20:34');
INSERT INTO `order_detail` VALUES ('1583742034771543397', '1583742034765196412', '2', '皮皮虾', '3.20', '6', 'F:/cx/wall/4c06b23610688678b40d3b0c44405440_ChMkJ13FB-OIRwVTAAaoGiez1aUAAvG_wFJkXEABqgy881.jpg', null, '2020-03-09 16:20:34');
INSERT INTO `order_detail` VALUES ('1583742034786614246', '1583742034786667680', '3', '芒果冰', '3.20', '8', 'F:/cx/wall/4c06b23610688678b40d3b0c44405440_ChMkJ13FB-OIRwVTAAaoGiez1aUAAvG_wFJkXEABqgy881.jpg', null, '2020-03-09 16:20:34');
INSERT INTO `order_detail` VALUES ('1583742034790832117', '1583742034786667680', '2', '皮皮虾', '3.20', '6', 'F:/cx/wall/4c06b23610688678b40d3b0c44405440_ChMkJ13FB-OIRwVTAAaoGiez1aUAAvG_wFJkXEABqgy881.jpg', null, '2020-03-09 16:20:34');
INSERT INTO `order_detail` VALUES ('1583742034804343232', '1583742034803289446', '3', '芒果冰', '3.20', '8', 'F:/cx/wall/4c06b23610688678b40d3b0c44405440_ChMkJ13FB-OIRwVTAAaoGiez1aUAAvG_wFJkXEABqgy881.jpg', null, '2020-03-09 16:20:34');
INSERT INTO `order_detail` VALUES ('1583742034805143161', '1583742034803289446', '2', '皮皮虾', '3.20', '6', 'F:/cx/wall/4c06b23610688678b40d3b0c44405440_ChMkJ13FB-OIRwVTAAaoGiez1aUAAvG_wFJkXEABqgy881.jpg', null, '2020-03-09 16:20:34');
INSERT INTO `order_detail` VALUES ('1583742034822379782', '1583742034821140423', '3', '芒果冰', '3.20', '8', 'F:/cx/wall/4c06b23610688678b40d3b0c44405440_ChMkJ13FB-OIRwVTAAaoGiez1aUAAvG_wFJkXEABqgy881.jpg', null, '2020-03-09 16:20:34');
INSERT INTO `order_detail` VALUES ('1583742034825550038', '1583742034821140423', '2', '皮皮虾', '3.20', '6', 'F:/cx/wall/4c06b23610688678b40d3b0c44405440_ChMkJ13FB-OIRwVTAAaoGiez1aUAAvG_wFJkXEABqgy881.jpg', null, '2020-03-09 16:20:34');
INSERT INTO `order_detail` VALUES ('1585183703909660820', '1585183703884867716', '3', '芒果冰3', '3.20', '8', 'http://127.0.0.1/sell/static/img/10.jpg', null, '2020-03-26 08:48:23');
INSERT INTO `order_detail` VALUES ('1585183703912265054', '1585183703884867716', '2', '皮皮虾', '3.20', '6', 'http://127.0.0.1/sell/static/img/9.jpg', null, '2020-03-26 08:48:23');
INSERT INTO `order_detail` VALUES ('1585183964599157394', '1585183964572872465', '3', '芒果冰3', '3.20', '8', 'http://127.0.0.1/sell/static/img/10.jpg', null, '2020-03-26 08:52:44');
INSERT INTO `order_detail` VALUES ('1585183964609439372', '1585183964572872465', '2', '皮皮虾', '3.20', '6', 'http://127.0.0.1/sell/static/img/9.jpg', null, '2020-03-26 08:52:44');
INSERT INTO `order_detail` VALUES ('1585184485812474149', '1585184485782813978', '3', '芒果冰3', '3.20', '8', 'http://127.0.0.1/sell/static/img/10.jpg', null, '2020-03-26 09:01:25');
INSERT INTO `order_detail` VALUES ('1585184485812565090', '1585184485782813978', '2', '皮皮虾', '3.20', '6', 'http://127.0.0.1/sell/static/img/9.jpg', null, '2020-03-26 09:01:25');
INSERT INTO `order_detail` VALUES ('1585184591530373986', '1585184591500211355', '3', '芒果冰3', '3.20', '8', 'http://127.0.0.1/sell/static/img/10.jpg', null, '2020-03-26 09:03:11');
INSERT INTO `order_detail` VALUES ('1585184591535160681', '1585184591500211355', '2', '皮皮虾', '3.20', '6', 'http://127.0.0.1/sell/static/img/9.jpg', null, '2020-03-26 09:03:11');
INSERT INTO `order_detail` VALUES ('1585271024849320214', '1585271024809273192', '3', '芒果冰3', '3.20', '8', 'http://127.0.0.1/sell/static/img/10.jpg', null, '2020-03-27 09:03:44');
INSERT INTO `order_detail` VALUES ('1585271024859737576', '1585271024809273192', '2', '皮皮虾', '3.20', '6', 'http://127.0.0.1/sell/static/img/9.jpg', null, '2020-03-27 09:03:44');
INSERT INTO `order_detail` VALUES ('1587041460936922003', '1587041460936436471', '1587041460936777994', '皮qiu粥', '5.00', '2', 'http://xxx.cn', null, '2020-04-16 20:51:01');
INSERT INTO `order_detail` VALUES ('1587720894604506400', '1587720894107593430', '1584406485691701686', '不能吃的蝙蝠', '50.00', '7', 'http://localhost/sell/static/img/10.jpg', null, '2020-04-24 17:34:54');
INSERT INTO `order_detail` VALUES ('1587721020365284611', '1587721020349372705', '1584406485691701686', '不能吃的蝙蝠', '50.00', '1', 'http://localhost/sell/static/img/10.jpg', null, '2020-04-24 17:37:00');
INSERT INTO `order_detail` VALUES ('1587721020469920031', '1587721020349372705', '1584407874200546482', '蝙蝠111', '3.10', '1', 'http://localhost/sell/static/img/10.jpg', null, '2020-04-24 17:37:00');
INSERT INTO `order_detail` VALUES ('2', '1111221', '1111112222', '皮虾粥', '5.60', '2', 'http://xxx.cn', null, '2020-03-26 08:48:22');

-- ----------------------------
-- Table structure for `order_master`
-- ----------------------------
DROP TABLE IF EXISTS `order_master`;
CREATE TABLE `order_master` (
  `order_id` varchar(32) CHARACTER SET utf8 COLLATE utf8_general_ci NOT NULL,
  `buyer_name` varchar(32) CHARACTER SET utf8 COLLATE utf8_general_ci NOT NULL COMMENT '买家名字',
  `buyer_phone` varchar(32) CHARACTER SET utf8 COLLATE utf8_general_ci NOT NULL COMMENT '买家电话',
  `buyer_address` varchar(128) CHARACTER SET utf8 COLLATE utf8_general_ci NOT NULL COMMENT '买家地址',
  `buyer_openId` varchar(64) CHARACTER SET utf8 COLLATE utf8_general_ci NOT NULL COMMENT '买家微信Id',
  `order_amount` decimal(8,2) NOT NULL COMMENT '订单总金额',
  `order_status` tinyint NOT NULL DEFAULT '0' COMMENT '订单状态，默认0新下单',
  `pay_status` tinyint NOT NULL DEFAULT '0' COMMENT '支付状态，默认0未支付',
  `create_time` timestamp NULL DEFAULT NULL COMMENT '创建时间',
  `update_time` timestamp NULL DEFAULT CURRENT_TIMESTAMP ON UPDATE CURRENT_TIMESTAMP COMMENT '修改时间',
  PRIMARY KEY (`order_id`)
) ENGINE=InnoDB DEFAULT CHARSET=utf8 COMMENT='订单表';

-- ----------------------------
-- Records of order_master
-- ----------------------------
INSERT INTO `order_master` VALUES ('1', '金爷', '13412345678', '天河车陂', '10101010', '2.30', '0', '0', null, '2020-02-17 16:25:39');
INSERT INTO `order_master` VALUES ('1582276802474283683', '猪八戒', '13412345678', '高低大街', '110110', '25.60', '0', '0', null, '2020-02-21 17:20:02');
INSERT INTO `order_master` VALUES ('1582277180147312989', '猪八戒', '13412345678', '高低大街', '110110', '44.80', '1', '1', null, '2020-02-24 15:57:19');
INSERT INTO `order_master` VALUES ('1582601224568786577', '猪八戒', '13412345678', '高低大街', '110110', '44.80', '2', '0', null, '2020-03-10 17:12:13');
INSERT INTO `order_master` VALUES ('1582681626555708667', '张三', '13333332222', '天河车陂', 'ew3euwhd7sjw9diwkq1', '6.40', '2', '0', null, '2020-02-26 15:25:22');
INSERT INTO `order_master` VALUES ('1582681692968645612', '张三', '13333332222', '天河车陂', 'ew3euwhd7sjw9diwkq1', '6.40', '2', '0', null, '2020-03-12 15:43:21');
INSERT INTO `order_master` VALUES ('1583741339792717537', '猪八戒', '13412345678', '高低大街', '110110', '44.80', '2', '0', '2020-03-09 16:12:58', '2020-03-10 17:07:46');
INSERT INTO `order_master` VALUES ('1583741424228180305', '猪八戒0', '13412345678', '高低大街', '110110', '44.80', '2', '0', '2020-03-09 16:13:05', '2020-03-10 16:47:07');
INSERT INTO `order_master` VALUES ('1583741448838791182', '猪八戒1', '13412345678', '高低大街', '110110', '44.80', '2', '0', '2020-03-09 16:13:10', '2020-03-12 15:43:30');
INSERT INTO `order_master` VALUES ('1583741470532738848', '猪八戒2', '13412345678', '高低大街', '110110', '44.80', '2', '0', '2020-03-09 16:13:16', '2020-03-12 15:55:42');
INSERT INTO `order_master` VALUES ('1583741492482375248', '猪八戒3', '13412345678', '高低大街', '110110', '44.80', '0', '0', '2020-03-09 16:13:19', '2020-03-09 16:13:21');
INSERT INTO `order_master` VALUES ('1583741525579326453', '猪八戒4', '13412345678', '高低大街', '110110', '44.80', '0', '0', '2020-03-09 16:13:23', '2020-03-09 16:13:29');
INSERT INTO `order_master` VALUES ('1583741562842692594', '猪八戒5', '13412345678', '高低大街', '110110', '44.80', '0', '0', null, '2020-03-09 16:12:43');
INSERT INTO `order_master` VALUES ('1583741699564318607', '猪八戒6', '13412345678', '高低大街', '110110', '44.80', '0', '0', null, '2020-03-09 16:14:59');
INSERT INTO `order_master` VALUES ('1583741866440876594', '猪八戒6', '13412345678', '高低大街', '110110', '44.80', '0', '0', null, '2020-03-09 16:17:46');
INSERT INTO `order_master` VALUES ('1583741866652298811', '猪八戒7', '13412345678', '高低大街', '110110', '44.80', '0', '0', null, '2020-03-09 16:17:46');
INSERT INTO `order_master` VALUES ('1583741866687207540', '猪八戒8', '13412345678', '高低大街', '110110', '44.80', '0', '0', null, '2020-03-09 16:17:46');
INSERT INTO `order_master` VALUES ('1583741977945642578', '猪八戒6', '13412345678', '高低大街', '110110', '44.80', '0', '0', null, '2020-03-09 16:19:38');
INSERT INTO `order_master` VALUES ('1583741978163518379', '猪八戒7', '13412345678', '高低大街', '110110', '44.80', '0', '0', null, '2020-03-09 16:19:38');
INSERT INTO `order_master` VALUES ('1583741978185104686', '猪八戒8', '13412345678', '高低大街', '110110', '44.80', '0', '0', null, '2020-03-09 16:19:38');
INSERT INTO `order_master` VALUES ('1583741978213966081', '猪八戒9', '13412345678', '高低大街', '110110', '44.80', '0', '0', null, '2020-03-09 16:19:38');
INSERT INTO `order_master` VALUES ('1583741978236390752', '猪八戒10', '13412345678', '高低大街', '110110', '44.80', '0', '0', null, '2020-03-09 16:19:38');
INSERT INTO `order_master` VALUES ('1583741978267331377', '猪八戒11', '13412345678', '高低大街', '110110', '44.80', '0', '0', null, '2020-03-09 16:19:38');
INSERT INTO `order_master` VALUES ('1583741978295496303', '猪八戒12', '13412345678', '高低大街', '110110', '44.80', '0', '0', null, '2020-03-09 16:19:38');
INSERT INTO `order_master` VALUES ('1583741978320635737', '猪八戒13', '13412345678', '高低大街', '110110', '44.80', '0', '0', null, '2020-03-09 16:19:38');
INSERT INTO `order_master` VALUES ('1583741978342722144', '猪八戒14', '13412345678', '高低大街', '110110', '44.80', '0', '0', null, '2020-03-09 16:19:38');
INSERT INTO `order_master` VALUES ('1583741978372963955', '猪八戒15', '13412345678', '高低大街', '110110', '44.80', '0', '0', null, '2020-03-09 16:19:38');
INSERT INTO `order_master` VALUES ('1583741978390603210', '猪八戒16', '13412345678', '高低大街', '110110', '44.80', '0', '0', null, '2020-03-09 16:19:38');
INSERT INTO `order_master` VALUES ('1583741978410329551', '猪八戒17', '13412345678', '高低大街', '110110', '44.80', '0', '0', null, '2020-03-09 16:19:38');
INSERT INTO `order_master` VALUES ('1583741978437266066', '猪八戒18', '13412345678', '高低大街', '110110', '44.80', '0', '0', null, '2020-03-09 16:19:38');
INSERT INTO `order_master` VALUES ('1583741978455564234', '猪八戒19', '13412345678', '高低大街', '110110', '44.80', '1', '0', null, '2020-03-12 16:14:46');
INSERT INTO `order_master` VALUES ('1583741978472292893', '猪八戒20', '13412345678', '高低大街', '110110', '44.80', '1', '0', null, '2020-03-12 16:18:33');
INSERT INTO `order_master` VALUES ('1583741978493505821', '猪八戒21', '13412345678', '高低大街', '110110', '44.80', '2', '0', null, '2020-03-12 16:18:43');
INSERT INTO `order_master` VALUES ('1583741978536377434', '猪八戒22', '13412345678', '高低大街', '110110', '44.80', '0', '0', null, '2020-03-09 16:19:38');
INSERT INTO `order_master` VALUES ('1583741978554680145', '猪八戒23', '13412345678', '高低大街', '110110', '44.80', '0', '0', null, '2020-03-09 16:19:38');
INSERT INTO `order_master` VALUES ('1583741978571705766', '猪八戒24', '13412345678', '高低大街', '110110', '44.80', '1', '0', null, '2020-03-12 16:17:02');
INSERT INTO `order_master` VALUES ('1583741978586410251', '猪八戒25', '13412345678', '高低大街', '110110', '44.80', '0', '0', null, '2020-03-09 16:19:38');
INSERT INTO `order_master` VALUES ('1583741978597430027', '猪八戒26', '13412345678', '高低大街', '110110', '44.80', '0', '0', null, '2020-03-09 16:19:38');
INSERT INTO `order_master` VALUES ('1583741978614637124', '猪八戒27', '13412345678', '高低大街', '110110', '44.80', '0', '0', null, '2020-03-09 16:19:38');
INSERT INTO `order_master` VALUES ('1583741978635200326', '猪八戒28', '13412345678', '高低大街', '110110', '44.80', '0', '0', null, '2020-03-09 16:19:38');
INSERT INTO `order_master` VALUES ('1583741978647106611', '猪八戒29', '13412345678', '高低大街', '110110', '44.80', '0', '0', null, '2020-03-09 16:19:38');
INSERT INTO `order_master` VALUES ('1583741978664850187', '猪八戒30', '13412345678', '高低大街', '110110', '44.80', '0', '0', null, '2020-03-09 16:19:38');
INSERT INTO `order_master` VALUES ('1583742033794188855', '猪八戒30', '13412345678', '高低大街', '110110', '44.80', '0', '0', null, '2020-03-09 16:20:34');
INSERT INTO `order_master` VALUES ('1583742034062742526', '猪八戒31', '13412345678', '高低大街', '110110', '44.80', '0', '0', null, '2020-03-09 16:20:34');
INSERT INTO `order_master` VALUES ('1583742034091339837', '猪八戒32', '13412345678', '高低大街', '110110', '44.80', '0', '0', null, '2020-03-09 16:20:34');
INSERT INTO `order_master` VALUES ('1583742034186791296', '猪八戒33', '13412345678', '高低大街', '110110', '44.80', '0', '0', null, '2020-03-09 16:20:34');
INSERT INTO `order_master` VALUES ('1583742034216544254', '猪八戒34', '13412345678', '高低大街', '110110', '44.80', '0', '0', null, '2020-03-09 16:20:34');
INSERT INTO `order_master` VALUES ('1583742034250959704', '猪八戒35', '13412345678', '高低大街', '110110', '44.80', '0', '0', null, '2020-03-09 16:20:34');
INSERT INTO `order_master` VALUES ('1583742034289822764', '猪八戒36', '13412345678', '高低大街', '110110', '44.80', '0', '0', null, '2020-03-09 16:20:34');
INSERT INTO `order_master` VALUES ('1583742034316501932', '猪八戒37', '13412345678', '高低大街', '110110', '44.80', '0', '0', null, '2020-03-09 16:20:34');
INSERT INTO `order_master` VALUES ('1583742034347348230', '猪八戒38', '13412345678', '高低大街', '110110', '44.80', '0', '0', null, '2020-03-09 16:20:34');
INSERT INTO `order_master` VALUES ('1583742034371555253', '猪八戒39', '13412345678', '高低大街', '110110', '44.80', '0', '0', null, '2020-03-09 16:20:34');
INSERT INTO `order_master` VALUES ('1583742034393793120', '猪八戒40', '13412345678', '高低大街', '110110', '44.80', '0', '0', null, '2020-03-09 16:20:34');
INSERT INTO `order_master` VALUES ('1583742034422638319', '猪八戒41', '13412345678', '高低大街', '110110', '44.80', '0', '0', null, '2020-03-09 16:20:34');
INSERT INTO `order_master` VALUES ('1583742034449614149', '猪八戒42', '13412345678', '高低大街', '110110', '44.80', '0', '0', null, '2020-03-09 16:20:34');
INSERT INTO `order_master` VALUES ('1583742034473490112', '猪八戒43', '13412345678', '高低大街', '110110', '44.80', '0', '0', null, '2020-03-09 16:20:34');
INSERT INTO `order_master` VALUES ('1583742034490258859', '猪八戒44', '13412345678', '高低大街', '110110', '44.80', '0', '0', null, '2020-03-09 16:20:34');
INSERT INTO `order_master` VALUES ('1583742034509271806', '猪八戒45', '13412345678', '高低大街', '110110', '44.80', '0', '0', null, '2020-03-09 16:20:34');
INSERT INTO `order_master` VALUES ('1583742034539681415', '猪八戒46', '13412345678', '高低大街', '110110', '44.80', '0', '0', null, '2020-03-09 16:20:34');
INSERT INTO `order_master` VALUES ('1583742034558255719', '猪八戒47', '13412345678', '高低大街', '110110', '44.80', '0', '0', null, '2020-03-09 16:20:34');
INSERT INTO `order_master` VALUES ('1583742034579112168', '猪八戒48', '13412345678', '高低大街', '110110', '44.80', '0', '0', null, '2020-03-09 16:20:34');
INSERT INTO `order_master` VALUES ('1583742034598980560', '猪八戒49', '13412345678', '高低大街', '110110', '44.80', '0', '0', null, '2020-03-09 16:20:34');
INSERT INTO `order_master` VALUES ('1583742034620175284', '猪八戒50', '13412345678', '高低大街', '110110', '44.80', '0', '0', null, '2020-03-09 16:20:34');
INSERT INTO `order_master` VALUES ('1583742034638506799', '猪八戒51', '13412345678', '高低大街', '110110', '44.80', '0', '0', null, '2020-03-09 16:20:34');
INSERT INTO `order_master` VALUES ('1583742034655735809', '猪八戒52', '13412345678', '高低大街', '110110', '44.80', '0', '0', null, '2020-03-09 16:20:34');
INSERT INTO `order_master` VALUES ('1583742034671896036', '猪八戒53', '13412345678', '高低大街', '110110', '44.80', '0', '0', null, '2020-03-09 16:20:34');
INSERT INTO `order_master` VALUES ('1583742034700591635', '猪八戒54', '13412345678', '高低大街', '110110', '44.80', '0', '0', null, '2020-03-09 16:20:34');
INSERT INTO `order_master` VALUES ('1583742034720482016', '猪八戒55', '13412345678', '高低大街', '110110', '44.80', '0', '0', null, '2020-03-09 16:20:34');
INSERT INTO `order_master` VALUES ('1583742034743631173', '猪八戒56', '13412345678', '高低大街', '110110', '44.80', '0', '0', null, '2020-03-09 16:20:34');
INSERT INTO `order_master` VALUES ('1583742034765196412', '猪八戒57', '13412345678', '高低大街', '110110', '44.80', '0', '0', null, '2020-03-09 16:20:34');
INSERT INTO `order_master` VALUES ('1583742034786667680', '猪八戒58', '13412345678', '高低大街', '110110', '44.80', '0', '0', null, '2020-03-09 16:20:34');
INSERT INTO `order_master` VALUES ('1583742034803289446', '猪八戒59', '13412345678', '高低大街', '110110', '44.80', '0', '0', null, '2020-03-09 16:20:34');
INSERT INTO `order_master` VALUES ('1583742034821140423', '猪八戒60', '13412345678', '高低大街', '110110', '44.80', '0', '0', null, '2020-03-09 16:20:34');
INSERT INTO `order_master` VALUES ('1585183703884867716', '猪八戒', '13412345678', '高低大街', '110110', '44.80', '0', '0', null, null);
INSERT INTO `order_master` VALUES ('1585183964572872465', '猪八戒', '13412345678', '高低大街', '110110', '44.80', '0', '0', null, null);
INSERT INTO `order_master` VALUES ('1585184485782813978', '猪八戒', '13412345678', '高低大街', '110110', '44.80', '0', '0', null, null);
INSERT INTO `order_master` VALUES ('1585184591500211355', '猪八戒', '13412345678', '高低大街', '110110', '44.80', '0', '0', null, null);
INSERT INTO `order_master` VALUES ('1585271024809273192', '猪八戒', '13412345678', '高低大街', '110110', '44.80', '0', '0', null, null);
INSERT INTO `order_master` VALUES ('1587021169529208226', '金爷', '13412345678', '天河车陂的', '1587021169529364534', '9.90', '0', '0', null, '2020-04-16 15:12:49');
INSERT INTO `order_master` VALUES ('1587021330836594151', '金爷好', '13412345678', '天河车陂的ya', '1587021330837241395', '9.80', '0', '0', null, '2020-04-16 15:15:31');
INSERT INTO `order_master` VALUES ('1587021446716323397', '金爷好', '13412345678', '天河车陂的ya', '1587021446716767848', '9.70', '0', '0', null, '2020-04-16 15:17:27');
INSERT INTO `order_master` VALUES ('1587088747774844482', '猪八戒123', '13412345678', '高低大街', '110110', '5.00', '0', '0', null, '2020-04-17 09:59:08');
INSERT INTO `order_master` VALUES ('1587089733519384926', '天空', '139123451234', '车陂d1', '110110', '5.00', '0', '0', null, '2020-04-17 10:15:34');
INSERT INTO `order_master` VALUES ('1587720894969565531', '天空', '139123451234', '车陂d1', '110110', '350.00', '0', '0', null, '2020-04-24 17:34:55');
INSERT INTO `order_master` VALUES ('1587721020765266202', '天空', '139123451234', '车陂d1', '110110', '53.10', '0', '0', null, '2020-04-24 17:37:01');
INSERT INTO `order_master` VALUES ('3', '金大爷', '13412345678', '天河躺下', '30303030', '3.30', '0', '0', null, null);
INSERT INTO `order_master` VALUES ('333', '金爷', '13412345678', '天河车陂的', '1587021018864795662', '9.90', '0', '0', null, null);

-- ----------------------------
-- Table structure for `product_category`
-- ----------------------------
DROP TABLE IF EXISTS `product_category`;
CREATE TABLE `product_category` (
  `category_id` int NOT NULL AUTO_INCREMENT,
  `category_name` varchar(64) CHARACTER SET utf8 COLLATE utf8_general_ci NOT NULL COMMENT '类目名字',
  `category_type` int NOT NULL COMMENT '类目编号',
  `create_time` datetime DEFAULT NULL COMMENT '创建时间',
  `update_time` timestamp NULL DEFAULT CURRENT_TIMESTAMP ON UPDATE CURRENT_TIMESTAMP COMMENT '修改时间',
  PRIMARY KEY (`category_id`),
  UNIQUE KEY `uqe_category_type` (`category_type`) USING BTREE
) ENGINE=InnoDB AUTO_INCREMENT=106 DEFAULT CHARSET=utf8 COMMENT='类目表';

-- ----------------------------
-- Records of product_category
-- ----------------------------
INSERT INTO `product_category` VALUES ('100', '热销榜', '2', null, '2020-02-10 16:33:52');
INSERT INTO `product_category` VALUES ('101', '男生榜', '8', null, '2020-02-10 16:33:55');
INSERT INTO `product_category` VALUES ('102', '女生最爱', '3', null, '2020-02-10 16:34:00');
INSERT INTO `product_category` VALUES ('103', '男生专享', '10', null, '2020-02-11 16:27:18');
INSERT INTO `product_category` VALUES ('104', '师兄最爱001', '110', null, '2020-03-24 09:57:54');
INSERT INTO `product_category` VALUES ('105', '师姐爱', '111', null, '2020-03-24 16:19:00');

-- ----------------------------
-- Table structure for `product_info`
-- ----------------------------
DROP TABLE IF EXISTS `product_info`;
CREATE TABLE `product_info` (
  `product_id` varchar(32) CHARACTER SET utf8 COLLATE utf8_general_ci NOT NULL,
  `product_name` varchar(64) CHARACTER SET utf8 COLLATE utf8_general_ci NOT NULL COMMENT '商品名称',
  `product_price` decimal(8,2) NOT NULL COMMENT '单价',
  `product_stock` int NOT NULL COMMENT '库存',
  `product_description` varchar(64) CHARACTER SET utf8 COLLATE utf8_general_ci DEFAULT NULL COMMENT '描述',
  `product_icon` text CHARACTER SET utf8 COLLATE utf8_general_ci COMMENT '小图',
  `product_status` int unsigned NOT NULL COMMENT '状态',
  `category_type` int NOT NULL COMMENT '类目编号',
  `create_time` timestamp NULL DEFAULT NULL COMMENT '创建时间',
  `update_time` timestamp NULL DEFAULT CURRENT_TIMESTAMP ON UPDATE CURRENT_TIMESTAMP COMMENT '修改时间',
  PRIMARY KEY (`product_id`)
) ENGINE=InnoDB DEFAULT CHARSET=utf8 COMMENT='商品表';

-- ----------------------------
-- Records of product_info
-- ----------------------------
INSERT INTO `product_info` VALUES ('1', '皮蛋粥1', '3.20', '100', '畅销粥', 'http://localhost/sell/static/img/10.jpg', '0', '2', '2020-03-30 09:36:12', '2020-03-30 09:36:15');
INSERT INTO `product_info` VALUES ('10', '芒果冰10', '3.20', '100', '新鲜的芒果', 'http://localhost/sell/static/img/10.jpg', '1', '3', '2020-03-17 09:15:07', '2020-03-30 09:32:45');
INSERT INTO `product_info` VALUES ('11', '芒果冰11', '3.20', '100', '新鲜的芒果', 'http://localhost/sell/static/img/10.jpg', '1', '3', '2020-03-17 09:15:07', '2020-03-30 09:32:46');
INSERT INTO `product_info` VALUES ('12', '芒果冰12', '3.20', '100', '新鲜的芒果', 'http://localhost/sell/static/img/10.jpg', '1', '3', '2020-03-17 09:15:07', '2020-03-30 09:32:46');
INSERT INTO `product_info` VALUES ('13', '芒果冰13', '3.20', '100', '新鲜的芒果', 'http://localhost/sell/static/img/10.jpg', '1', '3', '2020-03-17 09:15:07', '2020-03-30 09:32:47');
INSERT INTO `product_info` VALUES ('14', '芒果冰14', '3.20', '100', '新鲜的芒果', 'http://localhost/sell/static/img/10.jpg', '1', '3', '2020-03-17 09:15:07', '2020-03-30 09:32:48');
INSERT INTO `product_info` VALUES ('15', '芒果冰15', '3.20', '100', '新鲜的芒果', 'http://localhost/sell/static/img/10.jpg', '1', '3', '2020-03-17 09:15:07', '2020-03-30 09:32:49');
INSERT INTO `product_info` VALUES ('1584406485691701686', '不能吃的蝙蝠', '50.00', '79', '人类史上最毒的食物，没有之一', 'http://localhost/sell/static/img/10.jpg', '0', '2', '2020-03-17 09:15:07', '2020-04-24 17:37:00');
INSERT INTO `product_info` VALUES ('1584407874200546482', '蝙蝠111', '3.10', '10', '人类史上最毒的食物，没有之一', 'http://localhost/sell/static/img/10.jpg', '0', '2', '2020-03-17 09:21:16', '2020-04-24 17:37:00');
INSERT INTO `product_info` VALUES ('16', '芒果冰16', '3.20', '100', '新鲜的芒果', 'http://localhost/sell/static/img/10.jpg', '1', '3', '2020-03-17 09:15:07', '2020-03-30 09:32:51');
INSERT INTO `product_info` VALUES ('17', '芒果冰17', '3.20', '100', '新鲜的芒果', 'http://localhost/sell/static/img/10.jpg', '1', '3', '2020-03-17 09:15:07', '2020-03-30 09:32:53');
INSERT INTO `product_info` VALUES ('18', '芒果冰18', '3.20', '100', '新鲜的芒果', 'http://localhost/sell/static/img/10.jpg', '1', '3', '2020-03-17 09:15:07', '2020-03-30 09:32:52');
INSERT INTO `product_info` VALUES ('19', '芒果冰19', '3.20', '100', '新鲜的芒果', 'http://localhost/sell/static/img/10.jpg', '1', '3', '2020-03-17 09:15:07', '2020-03-30 09:32:53');
INSERT INTO `product_info` VALUES ('2', '皮皮虾', '3.20', '670', '畅销虾', 'http://localhost/sell/static/img/10.jpg', '0', '2', '2020-03-12 16:18:44', '2020-03-30 09:32:54');
INSERT INTO `product_info` VALUES ('20', '芒果冰20', '3.20', '100', '新鲜的芒果', 'http://localhost/sell/static/img/10.jpg', '1', '3', '2020-03-17 09:15:07', '2020-03-30 09:32:55');
INSERT INTO `product_info` VALUES ('21', '芒果冰21', '3.20', '100', '新鲜的芒果', 'http://localhost/sell/static/img/10.jpg', '1', '3', '2020-03-17 09:15:07', '2020-03-30 09:32:56');
INSERT INTO `product_info` VALUES ('22', '芒果冰22', '3.20', '100', '新鲜的芒果', 'http://localhost/sell/static/img/10.jpg', '1', '3', '2020-03-17 09:15:07', '2020-03-30 09:32:57');
INSERT INTO `product_info` VALUES ('23', '芒果冰23', '3.20', '100', '新鲜的芒果', 'http://localhost/sell/static/img/10.jpg', '1', '3', '2020-03-17 09:15:07', '2020-03-30 09:32:58');
INSERT INTO `product_info` VALUES ('24', '芒果冰24', '3.20', '100', '新鲜的芒果', 'http://localhost/sell/static/img/10.jpg', '1', '3', '2020-03-17 09:15:07', '2020-03-30 09:32:59');
INSERT INTO `product_info` VALUES ('25', '芒果冰25', '3.20', '100', '新鲜的芒果', 'http://localhost/sell/static/img/10.jpg', '1', '3', '2020-03-17 09:15:07', '2020-03-30 09:33:02');
INSERT INTO `product_info` VALUES ('26', '芒果冰26', '3.20', '100', '新鲜的芒果', 'http://localhost/sell/static/img/10.jpg', '1', '3', '2020-03-17 09:15:07', '2020-03-30 09:33:03');
INSERT INTO `product_info` VALUES ('27', '芒果冰27', '3.20', '100', '新鲜的芒果', 'http://localhost/sell/static/img/10.jpg', '1', '3', '2020-03-17 09:15:07', '2020-03-30 09:33:05');
INSERT INTO `product_info` VALUES ('28', '芒果冰28', '3.20', '100', '新鲜的芒果', 'http://localhost/sell/static/img/10.jpg', '1', '3', '2020-03-17 09:15:07', '2020-03-30 09:33:06');
INSERT INTO `product_info` VALUES ('29', '芒果冰29', '3.20', '100', '新鲜的芒果', 'http://localhost/sell/static/img/10.jpg', '1', '3', '2020-03-17 09:15:07', '2020-03-30 09:33:11');
INSERT INTO `product_info` VALUES ('3', '芒果冰3', '3.20', '100', '新鲜的芒果', 'http://localhost/sell/static/img/10.jpg', '1', '3', '2020-03-17 09:15:07', '2020-03-30 09:33:12');
INSERT INTO `product_info` VALUES ('4', '芒果冰4', '3.20', '100', '新鲜的芒果', 'http://localhost/sell/static/img/10.jpg', '1', '3', '2020-03-17 09:15:07', '2020-03-30 09:33:14');
INSERT INTO `product_info` VALUES ('5', '芒果冰5', '3.20', '100', '新鲜的芒果', 'http://localhost/sell/static/img/10.jpg', '1', '3', '2020-03-17 09:15:07', '2020-03-30 09:33:13');
INSERT INTO `product_info` VALUES ('6', '芒果冰6', '3.20', '100', '新鲜的芒果', 'http://localhost/sell/static/img/10.jpg', '1', '3', '2020-03-17 09:15:07', '2020-03-30 09:33:15');
INSERT INTO `product_info` VALUES ('7', '芒果冰7', '3.20', '100', '新鲜的芒果', 'http://localhost/sell/static/img/10.jpg', '1', '3', '2020-03-17 09:15:07', '2020-03-30 09:33:16');
INSERT INTO `product_info` VALUES ('8', '芒果冰8', '3.20', '100', '新鲜的芒果', 'http://localhost/sell/static/img/10.jpg', '1', '3', '2020-03-17 09:15:07', '2020-03-30 09:33:17');
INSERT INTO `product_info` VALUES ('9', '芒果冰9', '3.20', '100', '新鲜的芒果', 'http://localhost/sell/static/img/10.jpg', '1', '3', '2020-03-17 09:15:07', '2020-03-30 09:33:18');

-- ----------------------------
-- Table structure for `seller_info`
-- ----------------------------
DROP TABLE IF EXISTS `seller_info`;
CREATE TABLE `seller_info` (
  `seller_id` varchar(32) CHARACTER SET utf8 COLLATE utf8_general_ci NOT NULL,
  `username` varchar(32) CHARACTER SET utf8 COLLATE utf8_general_ci NOT NULL,
  `password` varchar(32) CHARACTER SET utf8 COLLATE utf8_general_ci NOT NULL,
  `openid` varchar(32) CHARACTER SET utf8 COLLATE utf8_general_ci NOT NULL,
  `create_time` timestamp NULL DEFAULT NULL COMMENT '创建时间',
  `update_time` timestamp NULL DEFAULT CURRENT_TIMESTAMP ON UPDATE CURRENT_TIMESTAMP COMMENT '更新时间',
  PRIMARY KEY (`seller_id`)
) ENGINE=InnoDB DEFAULT CHARSET=utf8 COMMENT='卖家信息表';

-- ----------------------------
-- Records of seller_info
-- ----------------------------
INSERT INTO `seller_info` VALUES ('1584521522806224628', 'admin', 'admin', 'abc', null, null);
INSERT INTO `seller_info` VALUES ('1585183703786997614', 'admin', 'admin', 'abc', null, null);
INSERT INTO `seller_info` VALUES ('1585183964415572083', 'admin', 'admin', 'abc', null, null);
INSERT INTO `seller_info` VALUES ('1585184485702518342', 'admin', 'admin', 'abc', null, null);
INSERT INTO `seller_info` VALUES ('1585184591420775911', 'admin', 'admin', 'abc', null, null);
INSERT INTO `seller_info` VALUES ('1585271024589423405', 'admin', 'admin', 'abc', null, null);
